{"cameraMode":{"drawMode":0,"name":"Shaded","section":"Shading Mode"},"sceneLighting":true,"audioPlay":false,"sceneViewState":{"m_AlwaysRefresh":true,"showFog":true,"showSkybox":true,"showFlares":true,"showImageEffects":true,"showParticleSystems":true,"showVisualEffectGraphs":true,"m_FxEnabled":true},"in2DMode":false,"pivot":{"x":373.2137145996094,"y":-42.156288146972659,"z":566.960205078125},"rotation":{"x":-0.30885565280914309,"y":-0.022251244634389879,"z":0.0025490985717624428,"w":-0.9513951539993286},"size":134.9695281982422,"orthographic":false}