{"cameraMode":{"drawMode":0,"name":"Shaded","section":"Shading Mode"},"sceneLighting":true,"audioPlay":false,"sceneViewState":{"m_AlwaysRefresh":true,"showFog":true,"showSkybox":true,"showFlares":true,"showImageEffects":true,"showParticleSystems":true,"showVisualEffectGraphs":true,"m_FxEnabled":true},"in2DMode":false,"pivot":{"x":447.13739013671877,"y":-12.239959716796875,"z":471.4707946777344},"rotation":{"x":0.09035205841064453,"y":0.04357532039284706,"z":0.0007679534610360861,"w":0.995589554309845},"size":107.82817077636719,"orthographic":false}