{"cameraMode":{"drawMode":0,"name":"Shaded","section":"Shading Mode"},"sceneLighting":false,"audioPlay":false,"sceneViewState":{"m_AlwaysRefresh":true,"showFog":true,"showSkybox":false,"showFlares":true,"showImageEffects":true,"showParticleSystems":true,"showVisualEffectGraphs":true,"m_FxEnabled":true},"in2DMode":false,"pivot":{"x":423.49407958984377,"y":3.1365275382995607,"z":486.34576416015627},"rotation":{"x":0.19397403299808503,"y":0.7603254318237305,"z":-0.26247015595436098,"w":0.5619217157363892},"size":0.8660253882408142,"orthographic":false}