{"cameraMode":{"drawMode":0,"name":"Shaded","section":"Shading Mode"},"sceneLighting":false,"audioPlay":false,"sceneViewState":{"m_AlwaysRefresh":true,"showFog":true,"showSkybox":false,"showFlares":true,"showImageEffects":true,"showParticleSystems":true,"showVisualEffectGraphs":true,"m_FxEnabled":true},"in2DMode":false,"pivot":{"x":361.9346923828125,"y":4.5933661460876469,"z":389.23687744140627},"rotation":{"x":0.053780458867549899,"y":-0.797872006893158,"z":0.07990625500679016,"w":0.5959205031394959},"size":2.5321996212005617,"orthographic":false}