{"cameraMode":{"drawMode":0,"name":"Shaded","section":"Shading Mode"},"sceneLighting":false,"audioPlay":false,"sceneViewState":{"m_AlwaysRefresh":true,"showFog":true,"showSkybox":false,"showFlares":true,"showImageEffects":true,"showParticleSystems":true,"showVisualEffectGraphs":true,"m_FxEnabled":true},"in2DMode":false,"pivot":{"x":386.93511962890627,"y":10.333000183105469,"z":426.510009765625},"rotation":{"x":0.03329000994563103,"y":-0.9409356117248535,"z":0.32762056589126589,"w":0.08413179218769074},"size":2.3811588287353517,"orthographic":false}