{"cameraMode":{"drawMode":0,"name":"Shaded","section":"Shading Mode"},"sceneLighting":false,"audioPlay":false,"sceneViewState":{"m_AlwaysRefresh":true,"showFog":true,"showSkybox":false,"showFlares":true,"showImageEffects":true,"showParticleSystems":true,"showVisualEffectGraphs":true,"m_FxEnabled":true},"in2DMode":false,"pivot":{"x":390.29998779296877,"y":5.539999961853027,"z":308.70001220703127},"rotation":{"x":0.19978705048561097,"y":-0.48721277713775637,"z":0.115416020154953,"w":0.8423176407814026},"size":3.5019679069519045,"orthographic":false}